[{"model": "customer.menuitem", "pk": 1, "fields": {"name": "Bruschetta", "description": "Toasted bread topped with fresh tomatoes, garlic, and basil", "price": "8.99", "restaurant": 1, "category": [1]}}, {"model": "customer.menuitem", "pk": 2, "fields": {"name": "Caprese Salad", "description": "Fresh mozzarella, tomatoes, and basil drizzled with balsamic glaze", "price": "10.99", "restaurant": 1, "category": [1]}}, {"model": "customer.menuitem", "pk": 3, "fields": {"name": "Arancini", "description": "Fried rice balls stuffed with cheese and marinara sauce", "price": "12.99", "restaurant": 1, "category": [1]}}, {"model": "customer.menuitem", "pk": 4, "fields": {"name": "Pizza Margherita", "description": "Classic Italian pizza with tomato, mozzarella, and basil", "price": "14.99", "restaurant": 1, "category": [2]}}, {"model": "customer.menuitem", "pk": 5, "fields": {"name": "Spaghetti Bolognese", "description": "Spaghetti with hearty meat sauce", "price": "16.99", "restaurant": 1, "category": [2]}}, {"model": "customer.menuitem", "pk": 6, "fields": {"name": "Lasagna", "description": "Layers of pasta, ricotta, and Bolognese sauce baked to perfection", "price": "16.99", "restaurant": 1, "category": [2]}}, {"model": "customer.menuitem", "pk": 7, "fields": {"name": "Tiramisu", "description": "Classic Italian dessert with coffee-soaked ladyfingers and mascarpone", "price": "9.99", "restaurant": 1, "category": [3]}}, {"model": "customer.menuitem", "pk": 8, "fields": {"name": "Cannoli", "description": "Italian pastry tubes filled with sweet ricotta cream", "price": "9.99", "restaurant": 1, "category": [3]}}, {"model": "customer.menuitem", "pk": 9, "fields": {"name": "Panna Cotta", "description": "Creamy Italian dessert served with a berry compote.", "price": "7.99", "restaurant": 1, "category": [3]}}, {"model": "customer.menuitem", "pk": 10, "fields": {"name": "Italian Soda", "description": "Refreshing soda with fruity flavors and a splash of cream.", "price": "3.99", "restaurant": 1, "category": [4]}}, {"model": "customer.menuitem", "pk": 11, "fields": {"name": "Espresso", "description": "Strong and concentrated coffee served in a small cup.", "price": "4.99", "restaurant": 1, "category": [4]}}, {"model": "customer.menuitem", "pk": 12, "fields": {"name": "Limoncello", "description": "Lemon-flavored liqueur, a popular Italian digestif.", "price": "6.99", "restaurant": 1, "category": [4]}}, {"model": "customer.menuitem", "pk": 13, "fields": {"name": "Chlodnik", "description": "Cold beetroot soup with radishes, cucumber, and dill.", "price": "7.99", "restaurant": 5, "category": [1]}}, {"model": "customer.menuitem", "pk": 14, "fields": {"name": "Barszcz", "description": "Beetroot soup with potatoes, mushrooms, and sour cream.", "price": "8.99", "restaurant": 5, "category": [1]}}, {"model": "customer.menuitem", "pk": 15, "fields": {"name": "Cucumber soup", "description": "Sour cucumber soup with potatoes, dill, and sour cream.", "price": "8.99", "restaurant": 5, "category": [1]}}, {"model": "customer.menuitem", "pk": 16, "fields": {"name": "Pierogi Ruskie", "description": "Traditional Polish dumplings with various fillings.", "price": "10.99", "restaurant": 5, "category": [2]}}, {"model": "customer.menuitem", "pk": 17, "fields": {"name": "Kotlet Schabowy", "description": "Breaded pork cutlet served with mashed potatoes and cabbage.", "price": "15.99", "restaurant": 5, "category": [2]}}, {"model": "customer.menuitem", "pk": 18, "fields": {"name": "Kaczka Pieczona", "description": "Roast duck served with red cabbage and dumplings.", "price": "18.99", "restaurant": 5, "category": [2]}}, {"model": "customer.menuitem", "pk": 19, "fields": {"name": "Paczki", "description": "Traditional Polish filled doughnuts, often enjoyed on Fat Thursday.", "price": "9.99", "restaurant": 5, "category": [3]}}, {"model": "customer.menuitem", "pk": 20, "fields": {"name": "Makowiec", "description": "Poppy seed cake, a traditional Polish dessert.", "price": "10.99", "restaurant": 5, "category": [3]}}, {"model": "customer.menuitem", "pk": 21, "fields": {"name": "Szarlotka", "description": "Polish apple pie with a crumbly topping.", "price": "9.99", "restaurant": 5, "category": [3]}}, {"model": "customer.menuitem", "pk": 22, "fields": {"name": "Zubríwka Bison Grass Vodka", "description": "Infused vodka with a unique bison grass flavor.", "price": "6.99", "restaurant": 5, "category": [4]}}, {"model": "customer.menuitem", "pk": 23, "fields": {"name": "Zywiec Beer", "description": "Popular Polish lager beer.", "price": "5.99", "restaurant": 5, "category": [4]}}, {"model": "customer.menuitem", "pk": 24, "fields": {"name": "Kompot", "description": "Kompot is a traditional Polish fruit beverage made by simmering various fruits in water with sugar and spices.", "price": "4.99", "restaurant": 5, "category": [4]}}, {"model": "customer.menuitem", "pk": 25, "fields": {"name": "Peking Duck", "description": "Crispy duck with hoisin sauce and pancakes", "price": "18.99", "restaurant": 2, "category": [1]}}, {"model": "customer.menuitem", "pk": 26, "fields": {"name": "Dim Sum Platter", "description": "Assorted Chinese dumplings and buns", "price": "17.99", "restaurant": 2, "category": [1]}}, {"model": "customer.menuitem", "pk": 27, "fields": {"name": "Spring Rolls", "description": "Crispy fried rolls filled with vegetables or meat, served with dipping sauce.", "price": "7.99", "restaurant": 2, "category": [1]}}, {"model": "customer.menuitem", "pk": 28, "fields": {"name": "Sweet and Sour Chicken", "description": "Crispy fried chicken with tangy sweet and sour sauce", "price": "13.99", "restaurant": 2, "category": [2]}}, {"model": "customer.menuitem", "pk": 29, "fields": {"name": "Pad Thai", "description": "Stir-fried rice noodles with tofu, shrimp, eggs, peanuts, and bean sprouts.", "price": "12.99", "restaurant": 2, "category": [2]}}, {"model": "customer.menuitem", "pk": 30, "fields": {"name": "Green Curry", "description": "Thai curry made with green curry paste, coconut milk, vegetables, and meat.", "price": "14.99", "restaurant": 2, "category": [2]}}, {"model": "customer.menuitem", "pk": 31, "fields": {"name": "Matcha Green Tea Ice Cream", "description": "Cold ice cream with an intense matcha green tea flavor.", "price": "6.99", "restaurant": 2, "category": [3]}}, {"model": "customer.menuitem", "pk": 32, "fields": {"name": "Taiyaki", "description": "Japanese fish-shaped cake filled with sweet cream or red bean paste.", "price": "5.99", "restaurant": 2, "category": [3]}}, {"model": "customer.menuitem", "pk": 33, "fields": {"name": "Mooncakes", "description": "Traditional Chinese pastries eaten during the Mid-Autumn Festival, filled with red bean paste, egg, or lotus seed.", "price": "8.99", "restaurant": 2, "category": [3]}}, {"model": "customer.menuitem", "pk": 34, "fields": {"name": "Thai Iced Tea", "description": "Sweetened tea with coconut milk, served over ice.", "price": "4.99", "restaurant": 2, "category": [4]}}, {"model": "customer.menuitem", "pk": 35, "fields": {"name": "Sake", "description": "Traditional Japanese rice wine, available in various flavors and varieties.", "price": "12.99", "restaurant": 2, "category": [4]}}, {"model": "customer.menuitem", "pk": 36, "fields": {"name": "Boba Milk Tea", "description": "Black tea with milk and tapioca pearls, served with a thick straw.", "price": "5.99", "restaurant": 2, "category": [4]}}, {"model": "customer.menuitem", "pk": 37, "fields": {"name": "Okonomiyaki", "description": "Japanese savory pancake with various toppings", "price": "15.99", "restaurant": 3, "category": [1]}}, {"model": "customer.menuitem", "pk": 38, "fields": {"name": "Udon Noodle Soup", "description": "Japanese noodle soup with udon noodles and vegetables", "price": "13.99", "restaurant": 3, "category": [1]}}, {"model": "customer.menuitem", "pk": 39, "fields": {"name": "Edamame", "description": "Steamed soybeans sprinkled with salt.", "price": "4.99", "restaurant": 3, "category": [1]}}, {"model": "customer.menuitem", "pk": 40, "fields": {"name": "Chawanmushi", "description": "Japanese steamed egg custard with chicken and vegetables", "price": "11.99", "restaurant": 3, "category": [2]}}, {"model": "customer.menuitem", "pk": 41, "fields": {"name": "Tempura Donburi", "description": "Rice bowl topped with tempura shrimp and vegetables", "price": "15.99", "restaurant": 3, "category": [2]}}, {"model": "customer.menuitem", "pk": 42, "fields": {"name": "Sushi Platter", "description": "Assorted sushi rolls with fresh fish and vegetables.", "price": "18.99", "restaurant": 3, "category": [2]}}, {"model": "customer.menuitem", "pk": 43, "fields": {"name": "Matcha Latte Cheesecake", "description": "Japanese cheesecake infused with matcha and topped with latte art", "price": "12.99", "restaurant": 3, "category": [3]}}, {"model": "customer.menuitem", "pk": 44, "fields": {"name": "Green Tea Tiramisu", "description": "Japanese twist on the classic tiramisu with green tea flavor", "price": "10.99", "restaurant": 3, "category": [3]}}, {"model": "customer.menuitem", "pk": 45, "fields": {"name": "Matcha Ice Cream", "description": "Creamy green tea flavored ice cream.", "price": "6.99", "restaurant": 3, "category": [3]}}, {"model": "customer.menuitem", "pk": 46, "fields": {"name": "Green Tea Latte", "description": "Warm latte made with matcha green tea and steamed milk.", "price": "5.99", "restaurant": 3, "category": [4]}}, {"model": "customer.menuitem", "pk": 47, "fields": {"name": "Sake", "description": "Traditional Japanese rice wine.", "price": "7.99", "restaurant": 3, "category": [4]}}, {"model": "customer.menuitem", "pk": 48, "fields": {"name": "Yuzu Lemonade", "description": "Refreshing lemonade flavored with Japanese yuzu citrus.", "price": "4.99", "restaurant": 3, "category": [4]}}, {"model": "customer.menuitem", "pk": 49, "fields": {"name": "Classic American Hot Dog", "description": "Grilled hot dog in a soft bun with mustard and ketchup", "price": "8.99", "restaurant": 4, "category": [1]}}, {"model": "customer.menuitem", "pk": 50, "fields": {"name": "Classic Cheeseburger", "description": "American-style cheeseburger with all the fixings", "price": "12.99", "restaurant": 4, "category": [1]}}, {"model": "customer.menuitem", "pk": 51, "fields": {"name": "Buffalo Wings", "description": "Crispy chicken wings tossed in spicy buffalo sauce, served with ranch dressing.", "price": "9.99", "restaurant": 4, "category": [1]}}, {"model": "customer.menuitem", "pk": 52, "fields": {"name": "Mac 'n' Cheese", "description": "Creamy American-style macaroni and cheese", "price": "10.99", "restaurant": 4, "category": [2]}}, {"model": "customer.menuitem", "pk": 53, "fields": {"name": "Chicken Fried Steak", "description": "Breaded and fried steak served with gravy", "price": "16.99", "restaurant": 4, "category": [2]}}, {"model": "customer.menuitem", "pk": 54, "fields": {"name": "Cheeseburger", "description": "Grilled beef patty topped with cheddar cheese, lettuce, tomato, and pickles, served with fries.", "price": "12.99", "restaurant": 4, "category": [2]}}, {"model": "customer.menuitem", "pk": 55, "fields": {"name": "Pecan Pie", "description": "Traditional American pie with pecan nuts in a buttery crust", "price": "7.99", "restaurant": 4, "category": [3]}}, {"model": "customer.menuitem", "pk": 56, "fields": {"name": "Chocolate Brownie Sundae", "description": "Warm chocolate brownie topped with vanilla ice cream and hot fudge", "price": "9.99", "restaurant": 4, "category": [3]}}, {"model": "customer.menuitem", "pk": 57, "fields": {"name": "Apple Pie", "description": "Classic American dessert made with flaky pastry crust and spiced apple filling.", "price": "6.99", "restaurant": 4, "category": [3]}}, {"model": "customer.menuitem", "pk": 58, "fields": {"name": "Milkshake", "description": "Creamy vanilla milkshake topped with whipped cream and a cherry.", "price": "5.99", "restaurant": 4, "category": [4]}}, {"model": "customer.menuitem", "pk": 59, "fields": {"name": "Iced Tea", "description": "Chilled black tea served over ice with a slice of lemon.", "price": "3.99", "restaurant": 4, "category": [4]}}, {"model": "customer.menuitem", "pk": 60, "fields": {"name": "Root Beer Float", "description": "Classic soda float made with root beer and vanilla ice cream.", "price": "4.99", "restaurant": 4, "category": [4]}}, {"model": "customer.menuitem", "pk": 61, "fields": {"name": "Pani Puri", "description": "Crispy hollow balls filled with spicy and tangy water, potatoes, and chickpeas.", "price": "6.99", "restaurant": 6, "category": [1]}}, {"model": "customer.menuitem", "pk": 62, "fields": {"name": "Paneer Tikka", "description": "Marinated paneer cubes grilled to perfection, served with mint chutney.", "price": "9.99", "restaurant": 6, "category": [1]}}, {"model": "customer.menuitem", "pk": 63, "fields": {"name": "Samosa", "description": "Deep-fried pastry filled with spiced potatoes, peas, and herbs.", "price": "7.99", "restaurant": 6, "category": [1]}}, {"model": "customer.menuitem", "pk": 64, "fields": {"name": "Saag Paneer", "description": "Indian vegetarian dish with spinach and paneer cheese", "price": "14.99", "restaurant": 6, "category": [2]}}, {"model": "customer.menuitem", "pk": 65, "fields": {"name": "Chicken Tikka Masala", "description": "Grilled chicken cooked in a creamy tomato-based sauce with Indian spices, served with rice.", "price": "14.99", "restaurant": 6, "category": [2]}}, {"model": "customer.menuitem", "pk": 66, "fields": {"name": "Butter Chicken", "description": "Tender chicken cooked in a rich, creamy tomato-based sauce with butter and Indian spices.", "price": "16.99", "restaurant": 6, "category": [2]}}, {"model": "customer.menuitem", "pk": 67, "fields": {"name": "Mango Lassi", "description": "Refreshing Indian yogurt drink with mango", "price": "7.99", "restaurant": 6, "category": [3]}}, {"model": "customer.menuitem", "pk": 68, "fields": {"name": "Mango Kulfi", "description": "Indian frozen dessert with mango and condensed milk", "price": "9.99", "restaurant": 6, "category": [3]}}, {"model": "customer.menuitem", "pk": 69, "fields": {"name": "Gulab Jamun", "description": "Deep-fried dough balls soaked in sugar syrup, flavored with cardamom and rose water.", "price": "8.99", "restaurant": 6, "category": [3]}}, {"model": "customer.menuitem", "pk": 70, "fields": {"name": "Mango Lassi", "description": "Refreshing yogurt-based drink blended with ripe mangoes and a hint of cardamom.", "price": "4.99", "restaurant": 6, "category": [4]}}, {"model": "customer.menuitem", "pk": 71, "fields": {"name": "Masala Chai", "description": "Traditional Indian spiced tea brewed with milk, black tea leaves, and aromatic spices.", "price": "3.99", "restaurant": 6, "category": [4]}}, {"model": "customer.menuitem", "pk": 72, "fields": {"name": "Thandai", "description": "Traditional Indian cold drink made with milk, nuts, and flavored with spices like saffron and cardamom.", "price": "5.99", "restaurant": 6, "category": [4]}}, {"model": "customer.category", "pk": 1, "fields": {"name": "Appetizer", "image": "menu_images/1_GYEpfJX.jpg"}}, {"model": "customer.category", "pk": 2, "fields": {"name": "Entre", "image": "menu_images/2_ZWnKzyB.jpg"}}, {"model": "customer.category", "pk": 3, "fields": {"name": "Dessert", "image": "menu_images/3_TJZCw30.jpg"}}, {"model": "customer.category", "pk": 4, "fields": {"name": "Drink", "image": "menu_images/4_pnIYzDV.jpg"}}, {"model": "customer.cuisinetype", "pk": 1, "fields": {"name": "Italian"}}, {"model": "customer.cuisinetype", "pk": 2, "fields": {"name": "Asian"}}, {"model": "customer.cuisinetype", "pk": 3, "fields": {"name": "Japanese"}}, {"model": "customer.cuisinetype", "pk": 4, "fields": {"name": "Polish"}}, {"model": "customer.cuisinetype", "pk": 5, "fields": {"name": "American"}}, {"model": "customer.cuisinetype", "pk": 6, "fields": {"name": "Indian"}}, {"model": "customer.restaurant", "pk": 1, "fields": {"name": "PastaPasta", "type": 1, "address": "SúONECZNA", "website": "http://127.0.0.1:8000/admin/customer/restaurant/add/", "image": "restaurant_images/Uberr_Eats.jpg"}}, {"model": "customer.restaurant", "pk": 2, "fields": {"name": "Thai Me Up", "type": 2, "address": "Krupnicza 3", "website": "http://127.0.0.1:8000/admin/customer/restaurant/add/", "image": "restaurant_images/Uberr_Eats_1.jpg"}}, {"model": "customer.restaurant", "pk": 3, "fields": {"name": "Sukiyabashi Jiro", "type": 3, "address": "Florianska 17", "website": "http://127.0.0.1:8000/admin/customer/restaurant/add/", "image": "restaurant_images/Uberr_Eats_2.jpg"}}, {"model": "customer.restaurant", "pk": 4, "fields": {"name": "American Dream Delights", "type": 5, "address": "Kijowska 4", "website": "http://127.0.0.1:8000/admin/customer/restaurant/add/", "image": "restaurant_images/Uberr_Eats_3.jpg"}}, {"model": "customer.restaurant", "pk": 5, "fields": {"name": "Staropolska", "type": 4, "address": "Grodzka 7", "website": "http://127.0.0.1:8000/admin/customer/restaurant/add/", "image": "restaurant_images/Uberr_Eats_4.jpg"}}, {"model": "customer.restaurant", "pk": 6, "fields": {"name": "Naan-N-Masala", "type": 6, "address": "Rynek 14", "website": "http://127.0.0.1:8000/admin/customer/restaurant/add/", "image": "restaurant_images/Uberr_Eats_5.jpg"}}]
